Nombres,Apellidos,Edad,Numero -celular,Correo,Profecion
Alejandro,García López,25,312345678,alejandro123@example.com,Medico
Camila,Rodríguez Fernández,42,321098765,camila456@example.com,Ingeniero
Santiago,Pérez González,19,349876543,santiago789@example.com,Abogado
Valentina,González Martínez,36,387654321,valentina012@example.com,Profesor
Diego Alejandro,López Rodríguez,53,376543210,diego.alejandro345@example.com,Arquitecto
Isabella,Martínez Sánchez,30,395678901,isabella678@example.com,
Matías,Sánchez Pérez,48,356789012,matias901@example.com,
Sofía,Romero Morales,21,324567890,sofia234@example.com,
Nicolás,Torres Castro,39,310987654,nicolas567@example.com,
Valeria,Morales Ortiz,56,335432109,valeria890@example.com,
Andrés Felipe,Castro Ramírez,33,394321098,andres.felipe123@example.com,
Gabriela,Ramírez Navarro,50,343210987,gabriela456@example.com,
Juan,Navarro Vargas,27,312345678,juan789@example.com,
Natalia,Vargas Silva,44,321098765,natalia012@example.com,
Carlos Eduardo,Silva Romero,22,349876543,carlos.eduardo345@example.com,
Lucía,Rivera Mendoza,40,387654321,lucia678@example.com,
José,Mendoza Ríos,57,376543210,jose901@example.com,
Mariana,Ríos Guerrero,34,395678901,mariana234@example.com,
Manuel Antonio,Guerrero Morales,51,356789012,manuel.antonio567@example.com,
Daniela,Morales Flores,28,324567890,daniela890@example.com,
Luis Miguel,Flores Medina,45,310987654,luis.miguel123@example.com,
Fernanda,Medina Acosta,23,335432109,fernanda456@example.com,
Ricardo,Acosta Delgado,41,394321098,ricardo789@example.com,
Ximena,Delgado Paredes,58,343210987,ximena012@example.com,
Javier Alejandro,Paredes Peña,35,312345678,javier.alejandro345@example.com,
Andrea,Peña Morales,52,321098765,andrea678@example.com,
Pedro José,Morales Cordero,29,349876543,pedro.jose901@example.com,
Laura,Cordero Rojas,46,387654321,laura234@example.com,
Mario Alberto,Rojas Guzmán,24,376543210,mario.alberto567@example.com,
Paulina,Guzmán Vargas,31,395678901,paulina890@example.com,
Felipe,Vargas Cabrera,38,356789012,felipe123@example.com,
Ana Sofía,Cabrera Mora,55,324567890,ana.sofia456@example.com,
Miguel Ángel,Mora Valdez,32,310987654,miguel.angel789@example.com,
Sara,Valdez Herrera,49,335432109,sara012@example.com,
Francisco Javier,Herrera Jiménez,26,394321098,francisco.javier345@example.com,
Alejandra,Jiménez Navarro,43,343210987,alejandra678@example.com,
Ernesto,Navarro Gutiérrez,20,312345678,ernesto901@example.com,
Regina,Gutiérrez Paredes,37,321098765,regina234@example.com,
Guillermo,Paredes Molina,54,349876543,guillermo567@example.com,
Paulina,Molina Aguilar,31,387654321,paulina890@example.com,
Rafael,Aguilar Soto,47,376543210,rafael123@example.com,
Paola,Soto Arias,24,395678901,paola456@example.com,
Arturo Alejandro,Arias Cordero,41,356789012,arturo.alejandro789@example.com,
Adriana,Cordero Mendoza,58,324567890,adriana012@example.com,
Gabriel,Mendoza Delgado,35,310987654,gabriel345@example.com,
Victoria,Delgado Ortega,52,335432109,victoria678@example.com,
Antonio José,Ortega Fuentes,29,394321098,antonio.jose901@example.com,
Luciana,Fuentes Paredes,46,343210987,luciana234@example.com,
Ignacio,Paredes Cáceres,23,312345678,ignacio567@example.com,
Isabel,Cáceres Herrera,40,321098765,isabel890@example.com,
Rodrigo Alejandro,Herrera Ríos,57,349876543,rodrigo.alejandro123@example.com,
Carolina,Ríos Guzmán,34,387654321,carolina456@example.com,
Emilio,Guzmán Morales,51,376543210,emilio789@example.com,
Renata,Morales Mendoza,28,395678901,renata012@example.com,
Víctor Manuel,Mendoza Aguilar,45,356789012,victor.manuel345@example.com,
Clarissa,Aguilar Delgado,22,324567890,clarissa678@example.com,
Daniel Alejandro,Delgado Cruz,39,310987654,daniel.alejandro901@example.com,
Antonella,Cruz Paredes,56,335432109,antonella234@example.com,
Mauricio,Paredes Cordero,33,394321098,mauricio567@example.com,
Valentina,Cordero Mora,50,343210987,valentina890@example.com,
Eduardo José,Mora Medina,27,312345678,eduardo.jose123@example.com,
Lorena,Medina Castro,44,321098765,lorena456@example.com,
Alonso,Castro Rojas,21,349876543,alonso789@example.com,
Jimena,Rojas Vargas,38,387654321,jimena012@example.com,
Oscar Alejandro,Vargas Torres,55,376543210,oscar.alejandro345@example.com,
Renata,Torres Herrera,32,395678901,renata678@example.com,
Héctor,Herrera Cáceres,49,356789012,hector901@example.com,
Marisol,Cáceres Ríos,26,324567890,marisol234@example.com,
Armando Alejandro,Ríos Morales,43,310987654,armando.alejandro567@example.com,
Valentina,Morales Delgado,20,335432109,valentina890@example.com,
Juan Carlos,Delgado Peña,37,394321098,juan.carlos123@example.com,
Regina,Peña Rojas,54,343210987,regina456@example.com,
Salvador,Rojas Medina,31,312345678,salvador789@example.com,
Daniela,Medina Vargas,48,321098765,daniela012@example.com,
Agustín,Vargas Acosta,25,349876543,agustin345@example.com,
Luciana,Acosta Romero,42,387654321,luciana678@example.com,
Federico,Romero Guzmán,19,376543210,federico901@example.com,
Martina,Guzmán Flores,36,395678901,martina234@example.com,
Jorge Alejandro,Flores Morales,53,356789012,jorge.alejandro567@example.com,
Andrea,Morales Paredes,30,324567890,andrea890@example.com,
Rubén,Paredes Mora,47,310987654,ruben123@example.com,
Violeta,Mora Rivera,24,335432109,violeta456@example.com,
Raúl Alejandro,Rivera Navarro,41,394321098,raul.alejandro789@example.com,
Antonia,Navarro Ramírez,58,343210987,antonia123@example.com,
Ángel,Ramírez Castro,35,312345678,angel456@example.com,
Rosario,Castro Sánchez,52,321098765,rosario789@example.com,
Sergio Alejandro,Sánchez Pérez,29,349876543,sergio.alejandro012@example.com,
Gabriela,Pérez Martínez,46,387654321,gabriela345@example.com,
Juan Pablo,Martínez González,23,376543210,juan.pablo678@example.com,
Camila,González Rodríguez,40,395678901,camila901@example.com,
Guillermo Alejandro,Rodríguez López,57,356789012,guillermo.alejandro234@example.com,
Catalina,López García,34,324567890,catalina567@example.com,
Jaime,García Herrera,51,310987654,jaime890@example.com,
Valeria,Herrera Paredes,28,335432109,valeria123@example.com,
Samuel Alejandro,Paredes Ramírez,45,394321098,samuel.alejandro456@example.com,
Paula,Ramírez Mendoza,22,343210987,paula789@example.com,
Esteban,Mendoza Castro,39,312345678,esteban012@example.com,
Helena,Castro Vargas,56,321098765,helena345@example.com,
Alejandro José,Vargas González,33,349876543,alejandro.jose678@example.com,
Renata,González López,50,387654321,renata901@example.com,
Camila,Saenz Contrera,24,345796844,camilaSC@example.com,
